{
	"format_version": "1.8.0",
	"animations": {
		"walk": {
			"loop": true,
			"animation_length": 0.5,
			"bones": {
				"left_arm": {
					"rotation": {
						"0.0": {
							"vector": [0, 0, 0],
							"easing": "bezier",
							"left": [0, 0, 0],
							"left_time": [-0.1, -0.1, -0.1],
							"right": [0, 0, 0],
							"right_time": [0.1, 0.1, 0.1]
						},
						"0.0417": [0, 0, -2.09647],
						"0.0833": [0, 0, -8.34525],
						"0.1667": [0, 0, -26.65475],
						"0.2083": [0, 0, -32.90353],
						"0.25": {
							"vector": [0, 0, -35],
							"easing": "bezier",
							"left": [0, 0, 0],
							"left_time": [-0.1, -0.1, -0.1],
							"right": [0, 0, 0],
							"right_time": [0.1, 0.1, 0.1]
						},
						"0.2917": [0, 0, -32.90353],
						"0.3333": [0, 0, -26.65475],
						"0.4167": [0, 0, -8.34525],
						"0.4583": [0, 0, -2.09647],
						"0.5": {
							"vector": [0, 0, 0],
							"easing": "bezier",
							"left": [0, 0, 0],
							"left_time": [-0.1, -0.1, -0.1],
							"right": [0, 0, 0],
							"right_time": [0.1, 0.1, 0.1]
						}
					}
				},
				"right_arm": {
					"rotation": {
						"0.0": {
							"vector": [0, 0, 0],
							"easing": "bezier",
							"left": [0, 0, 0],
							"left_time": [-0.1, -0.1, -0.1],
							"right": [0, 0, 0],
							"right_time": [0.1, 0.1, 0.1]
						},
						"0.0417": [0, 0, -2.09647],
						"0.0833": [0, 0, -8.34525],
						"0.1667": [0, 0, -26.65475],
						"0.2083": [0, 0, -32.90353],
						"0.25": {
							"vector": [0, 0, -35],
							"easing": "bezier",
							"left": [0, 0, 0],
							"left_time": [-0.1, -0.1, -0.1],
							"right": [0, 0, 0],
							"right_time": [0.1, 0.1, 0.1]
						},
						"0.2917": [0, 0, -32.90353],
						"0.3333": [0, 0, -26.65475],
						"0.4167": [0, 0, -8.34525],
						"0.4583": [0, 0, -2.09647],
						"0.5": {
							"vector": [0, 0, 0],
							"easing": "bezier",
							"left": [0, 0, 0],
							"left_time": [-0.1, -0.1, -0.1],
							"right": [0, 0, 0],
							"right_time": [0.1, 0.1, 0.1]
						}
					}
				},
				"body": {
					"rotation": {
						"0.0": {
							"vector": [0, 0, 0],
							"easing": "bezier",
							"left": [0, 0, 0],
							"left_time": [-0.1, -0.1, -0.1],
							"right": [0, 0, 0],
							"right_time": [0.1, 0.1, 0.1]
						},
						"0.0417": [0, 0, 1.64722],
						"0.0833": [0, 0, 6.55699],
						"0.1667": [0, 0, 20.94301],
						"0.2083": [0, 0, 25.85278],
						"0.25": {
							"vector": [0, 0, 27.5],
							"easing": "bezier",
							"left": [0, 0, 0],
							"left_time": [-0.1, -0.1, -0.1],
							"right": [0, 0, 0],
							"right_time": [0.1, 0.1, 0.1]
						},
						"0.2917": [0, 0, 25.80015],
						"0.3333": [0, 0, 20.75108],
						"0.4167": [0, 0, 6.14446],
						"0.4583": [0, 0, 1.34641],
						"0.5": {
							"vector": [0, 0, 0],
							"easing": "bezier",
							"left": [0, 0, -0.92981],
							"left_time": [-0.1, -0.1, -0.1],
							"right": [0, 0, 0.92981],
							"right_time": [0.1, 0.1, 0.1]
						}
					}
				},
				"nose": {
					"rotation": {
						"0.0": {
							"vector": [0, 0, 0],
							"easing": "bezier",
							"left": [0, 0, 0],
							"left_time": [-0.1, -0.1, -0.1],
							"right": [0, 0, 0],
							"right_time": [0.1, 0.1, 0.1]
						},
						"0.0417": [0, 0, -1.19798],
						"0.0833": [0, 0, -4.76872],
						"0.1667": [0, 0, -15.23128],
						"0.2083": [0, 0, -18.80202],
						"0.25": {
							"vector": [0, 0, -20],
							"easing": "bezier",
							"left": [0, 0, 0],
							"left_time": [-0.1, -0.1, -0.1],
							"right": [0, 0, 0],
							"right_time": [0.1, 0.1, 0.1]
						},
						"0.2917": [0, 0, -18.80202],
						"0.3333": [0, 0, -15.23128],
						"0.4167": [0, 0, -4.76872],
						"0.4583": [0, 0, -1.19798],
						"0.5": {
							"vector": [0, 0, 0],
							"easing": "bezier",
							"left": [0, 0, 0],
							"left_time": [-0.1, -0.1, -0.1],
							"right": [0, 0, 0],
							"right_time": [0.1, 0.1, 0.1]
						}
					},
					"position": {
						"0.0": {
							"vector": [0, 0, 0],
							"easing": "bezier",
							"left": [0, 0, 0],
							"left_time": [-0.1, -0.1, -0.1],
							"right": [0, 0, 0],
							"right_time": [0.1, 0.1, 0.1]
						},
						"0.0417": [-0.02995, 0, 0],
						"0.0833": [-0.11922, 0, 0],
						"0.1667": [-0.38078, 0, 0],
						"0.2083": [-0.47005, 0, 0],
						"0.25": {
							"vector": [-0.5, 0, 0],
							"easing": "bezier",
							"left": [0, 0, 0],
							"left_time": [-0.1, -0.1, -0.1],
							"right": [0, 0, 0],
							"right_time": [0.1, 0.1, 0.1]
						},
						"0.2917": [-0.47005, 0, 0],
						"0.3333": [-0.38078, 0, 0],
						"0.4167": [-0.11922, 0, 0],
						"0.4583": [-0.02995, 0, 0],
						"0.5": {
							"vector": [0, 0, 0],
							"easing": "bezier",
							"left": [0, 0, 0],
							"left_time": [-0.1, -0.1, -0.1],
							"right": [0, 0, 0],
							"right_time": [0.1, 0.1, 0.1]
						}
					}
				},
				"right_ear": {
					"rotation": {
						"0.0": {
							"vector": [0, 0, 0],
							"easing": "bezier",
							"left": [0, 0, 0],
							"left_time": [-0.1, -0.1, -0.1],
							"right": [0, 0, 0],
							"right_time": [0.1, 0.1, 0.1]
						},
						"0.0417": [0, -0.89849, 0],
						"0.0833": [0, -3.57654, 0],
						"0.1667": [0, -11.42346, 0],
						"0.2083": [0, -14.10151, 0],
						"0.25": {
							"vector": [0, -15, 0],
							"easing": "bezier",
							"left": [0, 0, 0],
							"left_time": [-0.1, -0.1, -0.1],
							"right": [0, 0, 0],
							"right_time": [0.1, 0.1, 0.1]
						},
						"0.2917": [0, -14.10151, 0],
						"0.3333": [0, -11.42346, 0],
						"0.4167": [0, -3.57654, 0],
						"0.4583": [0, -0.89849, 0],
						"0.5": {
							"vector": [0, 0, 0],
							"easing": "bezier",
							"left": [0, 0, 0],
							"left_time": [-0.1, -0.1, -0.1],
							"right": [0, 0, 0],
							"right_time": [0.1, 0.1, 0.1]
						}
					}
				},
				"left_ear": {
					"rotation": {
						"0.0": {
							"vector": [0, 0, 0],
							"easing": "bezier",
							"left": [0, 0, 0],
							"left_time": [-0.1, -0.1, -0.1],
							"right": [0, 0, 0],
							"right_time": [0.1, 0.1, 0.1]
						},
						"0.0417": [0, 0.89849, 0],
						"0.0833": [0, 3.57654, 0],
						"0.1667": [0, 11.42346, 0],
						"0.2083": [0, 14.10151, 0],
						"0.25": {
							"vector": [0, 15, 0],
							"easing": "bezier",
							"left": [0, 0, 0],
							"left_time": [-0.1, -0.1, -0.1],
							"right": [0, 0, 0],
							"right_time": [0.1, 0.1, 0.1]
						},
						"0.2917": [0, 14.10151, 0],
						"0.3333": [0, 11.42346, 0],
						"0.4167": [0, 3.57654, 0],
						"0.4583": [0, 0.89849, 0],
						"0.5": {
							"vector": [0, 0, 0],
							"easing": "bezier",
							"left": [0, 0, 0],
							"left_time": [-0.1, -0.1, -0.1],
							"right": [0, 0, 0],
							"right_time": [0.1, 0.1, 0.1]
						}
					}
				},
				"right_leg": {
					"rotation": {
						"0.0": {
							"vector": [0, 0, 0],
							"easing": "bezier",
							"left": [0, 0, 0],
							"left_time": [-0.1, -0.1, -0.1],
							"right": [0, 0, 0],
							"right_time": [0.1, 0.1, 0.1]
						},
						"0.0417": [0, 0, 1.64722],
						"0.0833": [0, 0, 6.55699],
						"0.1667": [0, 0, 20.94301],
						"0.2083": [0, 0, 25.85278],
						"0.25": {
							"vector": [0, 0, 27.5],
							"easing": "bezier",
							"left": [0, 0, 0],
							"left_time": [-0.1, -0.1, -0.1],
							"right": [0, 0, 0],
							"right_time": [0.1, 0.1, 0.1]
						},
						"0.2917": [0, 0, 25.85278],
						"0.3333": [0, 0, 20.94301],
						"0.4167": [0, 0, 6.55699],
						"0.4583": [0, 0, 1.64722],
						"0.5": {
							"vector": [0, 0, 0],
							"easing": "bezier",
							"left": [0, 0, 0],
							"left_time": [-0.1, -0.1, -0.1],
							"right": [0, 0, 0],
							"right_time": [0.1, 0.1, 0.1]
						}
					}
				},
				"left_leg": {
					"rotation": {
						"0.0": {
							"vector": [0, 0, 0],
							"easing": "bezier",
							"left": [0, 0, 0],
							"left_time": [-0.1, -0.1, -0.1],
							"right": [0, 0, 0],
							"right_time": [0.1, 0.1, 0.1]
						},